วันที่ขาย,ชื่อผู้ขาย,ชื่อพระเครื่อง,ราคาที่ขายได้ (บาท),ยอดรวมของคนนี้ (บาท)
2026-09-30,Orasa,สมเด็จวัดระฆัง,10000000.0,10010000.0
2026-10-03,Orasa,พระกิ่ง,10000.0,10010000.0
2026-10-03,non,-,1000.0,142000.0
2026-10-03,non,-,1000.0,142000.0
2026-10-02,non,-,10000.0,142000.0
2026-10-03,non,ไพรีพินาศ,10000.0,142000.0
2026-10-04,warintorn,พระ,999.0,999.0
2026-10-02,non,ไม่ทราบ,10000.0,142000.0
2026-10-02,non,สมเด็จ,1000.0,142000.0
2026-10-03,non,ไม่ทราบ,9000.0,142000.0
2026-10-05,ggi,พระสมเด็จ,10000.0,10000.0
2026-10-05,non,ไม่ทราบ,100000.0,142000.0
